x [px],y [px],u [px/frame],v [px/frame],magnitude
20,20,2.659083561,3.371740007,4.294107132
20,36,3.214966208,4.290813565,5.361631167
20,52,4.526700096,6.582220057,7.988531444
20,68,2.982320034,4.787436817,5.640370915
20,84,1.597917116,2.632283035,3.079326726
20,100,-2.041032807,-2.513341814,3.237700109
20,116,-3.082404468,-1.060965143,3.259887167
20,132,-5.609640864,1.352407712,5.770361968
20,148,-4.702363159,2.852103202,5.499701079
20,164,-2.787503445,5.626473909,6.279122877
20,180,-2.0369562,2.59329145,3.297628103
20,196,-0.4476078822,0.5747310817,0.728470063
20,212,0.4761757236,-0.2476127698,0.536707931
20,228,0.3623670651,-0.8363117837,0.911442422
20,244,0.6829197009,-2.521466677,2.612311911
20,260,0.810607874,-3.453302204,3.54716524
20,276,0.1144361573,-2.970842731,2.973045941
20,292,-0.0505882978,-2.605696158,2.606187185
20,308,0.7211992817,-4.129149167,4.191658532
20,324,1.328855222,-3.128365814,3.398901126
20,340,2.266566218,-1.932534454,2.978592258
20,356,0.6342747264,1.768904951,1.879183108
20,372,0.8869079639,2.359227154,2.520428238
20,388,1.576644584,-0.9373873345,1.834258204
20,404,2.948134656,-0.480580069,2.987047899
20,420,-3.307536517,-4.977853637,5.976522789
20,436,-3.672653161,-2.622125185,4.512640217
20,452,-3.779028036,-1.660830155,4.127881987
20,468,-1.893388453,-4.243640867,4.646870737
20,484,1.921725177,-0.09442154139,1.92404342
20,500,4.583323879,3.690056751,5.884163203
36,20,2.103200913,2.45266645,3.230948281
36,36,2.459114967,2.91848063,3.816382529
36,52,3.038126429,4.106905036,5.108510661
36,68,2.822342889,5.147807358,5.870735897
36,84,0.7628333361,1.596727322,1.76959115
36,100,1.714191959,2.15786448,2.755872491
36,116,-1.596539732,-2.021961329,2.576289334
36,132,-4.704086738,-1.529329473,4.946441213
36,148,-5.709945169,1.577427984,5.923829241
36,164,-4.567919781,3.057792008,5.496906684
36,180,-2.875757273,1.57866936,3.280575687
36,196,0.2179568299,-0.6214854354,0.658596482
36,212,1.513767988,-0.4812576072,1.588427652
36,228,4.105477257,-0.5107040271,4.137120026
36,244,2.225188986,-1.592248877,2.736187587
36,260,1.7489697,-1.670355603,2.418467046
36,276,-0.02572880286,-2.883247452,2.883362246
36,292,-0.5495908978,-2.781213846,2.834995699
36,308,-0.4529544683,-3.983199397,4.008870812
36,324,1.330345429,-2.769745944,3.072671729
36,340,3.354698166,-0.4153272212,3.380310117
36,356,3.573476256,0.01820640914,3.573522635
36,372,1.579019003,-0.37424151,1.622762373
36,388,0.1052275356,-3.490862189,3.492447803
36,404,-0.09155910984,-2.717262252,2.718804373
36,420,-2.810708727,-2.335040721,3.654107103
36,436,-3.93139493,-1.227691764,4.118627582
36,452,-4.445339465,-2.878926301,5.296155172
36,468,-2.400585998,-2.47691198,3.449334152
36,484,0.6558393526,-0.6141967101,0.898533725
36,500,2.279355038,1.550079004,2.756484048
52,20,1.191404212,1.067778712,1.599873549
52,36,1.480166319,0.8235374696,1.693843646
52,52,2.344347765,1.779112101,2.942992747
52,68,1.691769535,3.643380961,4.017002488
52,84,1.569878766,3.060052547,3.439250053
52,100,1.416314295,2.443827007,2.824577247
52,116,-0.1870451343,0.5190341815,0.551708586
52,132,-2.553767981,1.15561294,2.803064781
52,148,-4.664294006,1.457084392,4.886587101
52,164,-5.702391219,0.2685483962,5.708711225
52,180,-1.429601385,-0.2480274495,1.450957524
52,196,0.8218656818,-0.5303874651,0.978148282
52,212,2.188715779,-0.1784590048,2.195979139
52,228,3.2118555,-0.8703369245,3.327687202
52,244,2.363389289,-1.6664692,2.891838261
52,260,0.6497321918,-2.652565006,2.730980233
52,276,-1.124484421,-3.20098846,3.392755861
52,292,-1.610796193,-3.566006202,3.912935549
52,308,-1.004965852,-2.933057086,3.100448392
52,324,0.4764547035,-1.230686836,1.319696621
52,340,3.166492701,-0.1825077263,3.171747956
52,356,3.554116113,-0.09443712812,3.555370546
52,372,1.750464255,-0.3835374146,1.791989413
52,388,-0.6870434155,-0.2424900722,0.728580874
52,404,-2.185558939,-0.8783316994,2.355447824
52,420,-2.317956548,-0.4343926551,2.358308618
52,436,-3.432930027,-1.000731355,3.575817643
52,452,-3.484662231,-1.372475398,3.745204879
52,468,-2.647315948,-1.277133251,2.939277304
52,484,-0.2925138536,-0.2408011736,0.378879347
52,500,1.838449315,0.3161492131,1.86543459
68,20,-0.009154596866,-0.07286778463,0.073440593
68,36,0.8905346474,-0.2526573537,0.925682287
68,52,0.7005372408,-0.04605867645,0.702049733
68,68,1.104266463,1.649144401,1.984711988
68,84,2.259818148,3.553593755,4.21127138
68,100,3.495076443,4.15987096,5.433238974
68,116,0.7354911397,3.927958259,3.99622363
68,132,-0.7883217613,3.566178596,3.652270661
68,148,-3.253594418,1.38265378,3.535195626
68,164,-4.282777767,0.0583424499,4.283175136
68,180,-3.494018035,-0.1772951077,3.498513339
68,196,0.2819392165,-0.3118839411,0.420429916
68,212,3.377525813,-0.268168803,3.388155121
68,228,4.769712597,-0.9103927661,4.855818494
68,244,2.611958395,-3.657931275,4.494751147
68,260,-0.4204510688,-3.9133655,3.935887275
68,276,-3.003920995,-2.716679916,4.050171738
68,292,-2.564177319,-3.001926968,3.947983136
68,308,-1.324213933,-2.493465649,2.823280624
68,324,0.4215398473,-1.171734843,1.245254346
68,340,0.06986178343,-0.9862513292,0.988722587
68,356,2.197495938,0.2300223173,2.209501904
68,372,1.701174729,-0.07222666794,1.7027073
68,388,-0.009961499597,2.796043182,2.796060927
68,404,-1.866013086,1.581690194,2.446170212
68,420,-3.247040304,1.850707986,3.737431041
68,436,-3.578908988,0.8705703491,3.683270595
68,452,-3.734871152,0.0103404076,3.734885466
68,468,-2.386094222,1.547366676,2.843903878
68,484,-1.029944533,1.516036249,1.832798857
68,500,0.2894336219,0.5841039414,0.651881305
84,20,-2.10940265,-1.033724712,2.349077759
84,36,-1.266220967,-0.9411866007,1.577703316
84,52,-0.3226263109,-0.9956215937,1.046589745
84,68,0.5036345957,-0.3745429684,0.627638623
84,84,0.7723458449,0.8635171083,1.158524881
84,100,0.5541382673,1.92984743,2.007829754
84,116,2.007302742,3.976523884,4.454436721
84,132,-0.1182269684,4.138278474,4.13996695
84,148,-2.417396352,2.285090348,3.326476067
84,164,-2.81396268,2.284802392,3.624735568
84,180,-2.978695995,1.251081366,3.230763751
84,196,-1.21585076,0.8113609868,1.461711231
84,212,0.186303858,-0.2038440519,0.276154893
84,228,4.563609288,-0.3549918047,4.577395429
84,244,3.699562908,-1.818995184,4.122560999
84,260,-0.4137941668,-1.921529676,1.965579281
84,276,-1.525662475,-2.057361572,2.561324389
84,292,-3.454376061,-2.162782402,4.075578694
84,308,-1.2649925,-1.882539333,2.268074153
84,324,-0.4841559943,-1.327705797,1.413226702
84,340,0.1258821822,0.08772109455,0.15343179
84,356,0.1077783702,-0.07547095898,0.131575236
84,372,0.2638892454,2.166835454,2.182845258
84,388,-0.7112753385,3.993112312,4.055965797
84,404,-1.970106518,4.997748122,5.372039276
84,420,-3.222220146,3.592282987,4.825681271
84,436,-1.572630215,2.215484429,2.716898424
84,452,-1.332734798,1.533924385,2.032020192
84,468,-1.06969646,2.352158864,2.58397017
84,484,-1.069237619,3.177755032,3.352819132
84,500,1.754848253,3.170407398,3.623668785
100,20,-1.500075991,-0.3228579815,1.534426686
100,36,-1.404059174,-0.6773518654,1.558905935
100,52,-0.8313579497,-1.250595073,1.501713713
100,68,-0.5687030949,-0.2145626729,0.607832502
100,84,-0.6223919284,-0.02732294697,0.622991377
100,100,-0.5271032593,1.279851104,1.384144752
100,116,-1.013575619,3.040019491,3.204536478
100,132,-0.538718738,4.393167581,4.426074929
100,148,-1.307466759,3.761222916,3.981992862
100,164,-1.579174695,2.882639164,3.286852791
100,180,-0.981308893,1.840850304,2.086072143
100,196,-0.192399664,0.9846365116,1.003258038
100,212,1.791158352,0.3378513413,1.822742925
100,228,5.343889519,0.2661350867,5.350512412
100,244,5.698456136,-0.3100761343,5.706886151
100,260,-0.4957002503,-0.8849216172,1.014300255
100,276,-3.928670722,-0.9576835459,4.043712578
100,292,-3.617994773,-1.057540897,3.769387076
100,308,-3.241064423,-1.717118578,3.66783244
100,324,-1.257774521,-0.6098432194,1.397821697
100,340,-0.4275905063,0.8531125141,0.954271766
100,356,-0.5667352043,-0.008550789248,0.566799707
100,372,-0.5334773308,0.2349132632,0.582908487
100,388,-0.4780191296,3.131427408,3.167702622
100,404,-1.562199195,4.517993873,4.780453426
100,420,-1.13325065,2.484598219,2.730839678
100,436,-1.303130026,1.656943351,2.107986986
100,452,-0.9058724852,2.285644761,2.458612807
100,468,0.5092808002,3.149589363,3.190498408
100,484,0.6895810695,2.588242361,2.678529554
100,500,1.882976756,3.080586391,3.610486667
116,20,-0.8577115091,0.5367162917,1.011797119
116,36,-1.213833186,0.6945477948,1.398494778
116,52,-1.267303016,0.7482557804,1.471714526
116,68,-1.699934842,0.3312280728,1.731903722
116,84,-0.905029791,0.3377780677,0.966008771
116,100,-1.859903203,1.288142668,2.262421591
116,116,-2.536699282,3.340511954,4.194503947
116,132,-0.5996879789,4.722132389,4.76005882
116,148,0.06193829741,5.386588028,5.386944119
116,164,-0.2922914508,3.42812316,3.440561392
116,180,-0.3950631121,2.038315622,2.076247923
116,196,0.03993859012,1.360082125,1.360668394
116,212,0.1821006194,0.6804235021,0.704369773
116,228,6.474235018,0.3152621508,6.481906301
116,244,5.265152647,0.09438829472,5.265998628
116,260,2.512028761,0.07578787687,2.513171761
116,276,-3.130030583,-0.359560554,3.150615058
116,292,-4.128723238,-0.1101568956,4.130192504
116,308,-3.514226701,-0.5196224085,3.552435327
116,324,-2.3756258,-0.1785320029,2.382324835
116,340,-1.064036796,1.139878444,1.55932587
116,356,-0.2532797316,0.9046135354,0.939402082
116,372,0.9348162617,1.868759245,2.08953166
116,388,0.5991074047,1.40492423,1.527331586
116,404,-0.2823405643,1.654842136,1.678755101
116,420,-1.471535194,1.676936431,2.231038238
116,436,-1.360934579,0.4908605046,1.446750484
116,452,-0.9519751617,0.8335001512,1.265298072
116,468,0.3438044523,1.114810604,1.16662084
116,484,1.435304342,0.9450386589,1.718486724
116,500,1.973104019,1.655835978,2.575836225
132,20,0.9617114823,0.823060777,1.265827009
132,36,0.01586601361,1.726904746,1.726977629
132,52,-0.07100605049,1.872852946,1.8741985
132,68,-1.318985535,1.352450821,1.889138974
132,84,-3.722856199,1.133869174,3.891698547
132,100,-3.685132145,-0.1330833145,3.687534419
132,116,-2.539995597,3.080564783,3.992675421
132,132,-0.2359605969,3.480220129,3.488210078
132,148,0.3301645071,4.498859669,4.510958537
132,164,1.599203381,3.860255836,4.178400002
132,180,2.204701367,2.243112309,3.145196488
132,196,2.08123219,2.10635877,2.961127268
132,212,3.070745387,0.3274133279,3.088151019
132,228,5.045485555,0.01226891908,5.045500472
132,244,4.609512795,0.2771731269,4.61783858
132,260,0.4207949308,0.2471239159,0.487994471
132,276,-1.022787557,0.5268932097,1.150526332
132,292,-4.210453751,0.5596483278,4.24748479
132,308,-3.908919861,0.02619558074,3.909007635
132,324,-2.666746171,-0.06460821001,2.667528699
132,340,-1.49528051,0.284873865,1.522175063
132,356,-0.636258622,0.6564091685,0.91416521
132,372,0.1033646046,1.347299636,1.351258876
132,388,0.2204483183,1.05831585,1.081031868
132,404,-0.1376396667,0.3527361448,0.378638965
132,420,-1.469476605,-0.3950256466,1.521646067
132,436,-1.627333409,-0.622197356,1.742223744
132,452,-1.295284594,0.1078128983,1.299763748
132,468,-0.2563963688,1.038242035,1.069432383
132,484,1.151641192,1.393222208,1.807580028
132,500,2.214780509,2.591677654,3.409112167
148,20,1.837190881,-0.4933906165,1.902289314
148,36,1.442350975,1.145839609,1.842097919
148,52,-0.3109019035,1.133626644,1.175486862
148,68,-2.046803426,0.4163131195,2.088712732
148,84,-2.47133847,-0.4822449339,2.517950359
148,100,-2.759216679,-0.05835400356,2.759833667
148,116,-1.802885811,-0.04371200798,1.803415645
148,132,-0.7477409791,0.9722001443,1.226494881
148,148,0.3365790398,1.660664993,1.69443019
148,164,2.171312479,1.58882158,2.69053004
148,180,3.624774301,1.370754371,3.875300798
148,196,4.666422254,0.9370850908,4.759582452
148,212,4.974163186,-1.48939788,5.192360296
148,228,4.840117981,-0.5047480862,4.866365451
148,244,3.435243987,-0.4054371065,3.459086657
148,260,1.792899603,0.2418775076,1.809141707
148,276,-1.369484805,1.159653365,1.794515132
148,292,-4.004207117,1.379326087,4.235116892
148,308,-4.083688108,0.7821206044,4.157910678
148,324,-2.570963427,0.3567878313,2.595602146
148,340,-0.993204666,0.01907682424,0.993387857
148,356,-0.5775442758,-0.7738683909,0.965623983
148,372,-0.3827255244,-0.998565945,1.069398323
148,388,0.1161350239,-2.129012277,2.132177436
148,404,-0.1244996356,-2.045593285,2.049378454
148,420,-1.199482566,-1.571271831,1.97677859
148,436,-1.913931321,-1.538196006,2.455438872
148,452,-2.793425529,-0.7512489661,2.892680624
148,468,-1.290689355,0.5372925957,1.398056631
148,484,0.08784762737,1.044025357,1.047714728
148,500,1.207248435,3.394140959,3.602449394
164,20,1.819273147,-0.5614873196,1.903949262
164,36,0.7023255204,-0.1445407961,0.717044753
164,52,-0.1120852186,-0.5671150118,0.57808523
164,68,-1.45051084,-0.4723360931,1.525477985
164,84,-2.780659324,-1.40394295,3.11498348
164,100,-2.368176992,-0.2825297226,2.384970715
164,116,-1.665791949,-2.178391426,2.742307791
164,132,-0.9138925754,-2.253842686,2.432078636
164,148,0.7332159917,-2.710089054,2.80752353
164,164,2.615051857,-4.165489771,4.918312846
164,180,4.932040005,-3.028401805,5.787593291
164,196,6.761663675,-2.56130998,7.230518963
164,212,5.246176766,-1.466124352,5.447191136
164,228,2.402882678,0.489240406,2.452182974
164,244,2.914179966,1.046057035,3.096236457
164,260,2.340578812,1.54146862,2.802576436
164,276,-1.508634245,2.196915921,2.665035994
164,292,-3.937080718,2.515927012,4.672311346
164,308,-3.979698371,2.008256685,4.457700532
164,324,-0.8836740795,0.2334309254,0.913985709
164,340,-0.06203495098,-0.8166465608,0.818999353
164,356,-0.09941362929,-2.045406399,2.047820892
164,372,-0.1496888643,-2.769281025,2.773323665
164,388,0.6421703184,-4.072924837,4.123238951
164,404,-0.495174847,-3.509379415,3.544141928
164,420,-1.731680648,-2.300851557,2.879693691
164,436,-3.157633699,-1.142803792,3.358072525
164,452,-4.358338128,-2.177357804,4.871960411
164,468,-3.396491328,-0.2879844649,3.408678394
164,484,-1.36641331,0.3851264008,1.419650548
164,500,0.08587035481,2.78990688,2.791228066
180,20,-1.056859873,-2.050340055,2.306696151
180,36,-1.679803429,-2.394723727,2.925139533
180,52,-0.1230869752,-2.267607562,2.270945719
180,68,-0.0694680787,-1.192768847,1.19479008
180,84,-2.422905467,-1.620429195,2.91483476
180,100,-2.94045437,-2.337849645,3.756569295
180,116,-2.1540832,-3.733351092,4.31021865
180,132,-0.6224738916,-3.741638737,3.793063957
180,148,1.087737076,-4.729002455,4.852487627
180,164,2.74907184,-4.80221335,5.533412061
180,180,2.849634438,-4.669148612,5.470042522
180,196,2.254663597,-4.863319427,5.360539505
180,212,1.257252236,-2.225478919,2.55605939
180,228,3.26000833,-0.08032669666,3.260997806
180,244,3.99069906,0.7072632171,4.05288789
180,260,0.6444524718,2.80637712,2.879422082
180,276,-2.695505666,3.78957535,4.650444294
180,292,-3.695861668,3.222743685,4.903618085
180,308,-1.167065065,1.72247834,2.080618297
180,324,-0.3930119546,0.6327664807,0.74488376
180,340,2.467938635,-1.105341573,2.70416366
180,356,0.3284295971,-2.250242626,2.274083964
180,372,0.3298814716,-2.633275064,2.653857447
180,388,0.1942816424,-3.38959161,3.395154877
180,404,-1.589959996,-3.128137568,3.50901944
180,420,-2.416325781,-2.40032538,3.40590549
180,436,-2.105814199,-0.2205564486,2.117332895
180,452,-2.079273567,-0.4285984715,2.122987333
180,468,-3.984131718,-1.053117829,4.120966235
180,484,-3.126586183,-0.3422281191,3.145260124
180,500,-1.299628087,0.8566616377,1.556567482
196,20,-2.05874861,-2.139650549,2.969267639
196,36,-0.5812858199,-2.921211571,2.978484555
196,52,0.6314997368,-4.511149098,4.555135355
196,68,0.3516250181,-1.982152848,2.013099617
196,84,-2.765661458,-1.28952045,3.051515409
196,100,-3.145217131,-1.491788819,3.481066601
196,116,-2.152021142,-1.583006294,2.671535873
196,132,0.4717419726,-2.591430893,2.634018709
196,148,2.021994919,-4.449142416,4.88705757
196,164,3.778515686,-3.77587342,5.341760091
196,180,3.489496028,-4.555935409,5.738739407
196,196,0.1874094353,-1.160858795,1.175889212
196,212,0.1224214223,-0.3311795382,0.353081989
196,228,3.500069321,-0.06248907113,3.500627106
196,244,4.644373887,1.097976502,4.772395751
196,260,0.3228681715,2.580087437,2.600210576
196,276,-1.401023968,3.507298251,3.776772323
196,292,-1.408727438,3.143060028,3.444319865
196,308,-0.9910738489,1.733380512,1.996706131
196,324,0.6101829387,0.3838831922,0.720894947
196,340,2.566110744,-0.8607282287,2.706617342
196,356,1.933240029,-2.085666545,2.843839297
196,372,0.6405970156,-2.562935916,2.641780658
196,388,-0.2626511913,-2.979641801,2.991195565
196,404,-2.428450012,-2.368963274,3.392544245
196,420,-3.219613801,-2.52534027,4.091852454
196,436,-2.825024947,-1.45883335,3.179459183
196,452,-1.585249835,-1.370405326,2.09547794
196,468,-4.453684096,-2.332148442,5.027347052
196,484,-4.38412526,-2.285652885,4.944164581
196,500,-2.520396611,-2.101000261,3.281249941
212,20,-1.68120213,-2.38553707,2.918428981
212,36,-0.1306799969,-2.282344292,2.286082398
212,52,0.2946963815,-2.077608336,2.098404717
212,68,-1.013424057,-1.543841576,1.846747176
212,84,-4.285930544,-1.270068418,4.470153735
212,100,-4.35154541,-1.137417961,4.497740219
212,116,-2.064792086,-1.435623071,2.514831994
212,132,-0.7811723811,-2.281951108,2.411955876
212,148,2.295949608,-2.819367229,3.63596152
212,164,3.14441109,-1.760141942,3.603528931
212,180,2.944221164,-1.90884424,3.508863719
212,196,-0.505782954,-0.2871403505,0.581606377
212,212,-1.007188118,0.08377051523,1.010665822
212,228,1.284839137,1.493795842,1.97033947
212,244,2.698238396,2.028797341,3.375871605
212,260,1.028867775,2.372580231,2.586059909
212,276,-0.3473562087,3.077860127,3.097398795
212,292,-0.5197652502,2.529024815,2.581883504
212,308,0.0623521186,1.144538899,1.146236048
212,324,0.7336700198,0.3676562215,0.820635604
212,340,2.200950667,-0.8549791635,2.361180469
212,356,3.590521929,-1.504248392,3.892892363
212,372,2.306505503,-1.877016407,2.973744815
212,388,0.006157340449,-1.453067093,1.453080139
212,404,-1.823727738,-1.482490894,2.350268519
212,420,-3.471524805,-2.628017135,4.354073786
212,436,-3.465615864,-3.668754032,5.046805867
212,452,-4.947137395,-5.49481909,7.393727425
212,468,-6.0021242,-4.725612595,7.639169412
212,484,-4.669372881,-4.357546443,6.386803121
212,500,-2.925794373,-3.873263452,4.854116035
228,20,-2.943005435,-4.817424916,5.645251439
228,36,0.09552724057,-0.05754754488,0.111522077
228,52,-0.9187328896,-0.4149076563,1.008076627
228,68,-3.353819644,0.1284912168,3.356280113
228,84,-5.160562561,-0.517912277,5.186486197
228,100,-2.160485081,-0.1106904342,2.163318783
228,116,-1.676498288,-0.7360521033,1.83096128
228,132,-0.3796165026,-1.514753379,1.561597416
228,148,2.707333153,-1.395803133,3.045967693
228,164,2.935870616,-0.91318482,3.074612624
228,180,0.7792979862,-0.5429408121,0.949784226
228,196,-0.8264682973,-0.1934973205,0.848817448
228,212,-2.021566698,0.224866166,2.034034588
228,228,-3.150624406,0.6426248323,3.215493869
228,244,-0.4493366906,0.90636668,1.011634331
228,260,0.4197489082,1.446893494,1.506549013
228,276,0.02159001889,2.184069502,2.18417621
228,292,0.01927185155,1.950238014,1.950333232
228,308,0.674535307,1.380932268,1.536870785
228,324,2.108630277,0.825296021,2.264384059
228,340,2.6422947,-0.3257518532,2.662298922
228,356,3.474784296,-1.210617564,3.679635959
228,372,1.602173981,-1.380506402,2.114889924
228,388,0.8709894649,-0.748985371,1.148739193
228,404,-1.171630786,-1.250789664,1.713824227
228,420,-3.592576652,-2.458706305,4.353371532
228,436,-4.567840381,-2.856860438,5.387654156
228,452,-4.524197612,-3.308326036,5.604764508
228,468,-1.656694335,-1.481974784,2.222810244
228,484,-2.857745114,-3.267983045,4.341246402
228,500,-2.175373674,-4.096681464,4.638431808
244,20,4.698670089,2.026039593,5.116867893
244,36,1.845520227,0.1206479965,1.84945961
244,52,-1.012676769,1.631931327,1.920602534
244,68,-3.242616682,1.742545447,3.681172039
244,84,-4.016719559,1.837257199,4.416961629
244,100,-1.677321505,1.372986143,2.167601988
244,116,-0.6640188675,1.252803945,1.417899426
244,132,-0.0540213599,0.1187156432,0.130428951
244,148,1.138707512,-0.7072803536,1.340485097
244,164,2.485769062,-1.347405509,2.827463428
244,180,0.877930217,0.08637535134,0.882169013
244,196,-0.5110176382,0.1665776449,0.537482221
244,212,-2.201373767,0.2298768856,2.213343589
244,228,-3.356594334,0.4843727469,3.391362924
244,244,-0.7964287327,-0.2065440596,0.822775288
244,260,-1.018554267,0.5502774449,1.15769515
244,276,-0.5796476214,1.044084193,1.194195615
244,292,-0.04111015074,1.173329714,1.174049685
244,308,1.10506987,1.089890434,1.552108429
244,324,3.048268525,1.821812609,3.551188841
244,340,3.893929718,-0.1124381984,3.89555272
244,356,4.018759442,-0.6632460043,4.073121986
244,372,2.645846825,-1.274935591,2.93699952
244,388,2.149556528,-0.2936254989,2.169518196
244,404,1.180783118,-0.4821309693,1.275421124
244,420,-2.015078708,-1.642537582,2.599706119
244,436,-3.080404246,-2.152816818,3.758125939
244,452,-2.585100257,-2.600042158,3.666464586
244,468,-2.8411935,-3.342044533,4.386529627
244,484,-2.929539566,-3.135729489,4.291270383
244,500,-1.18003005,-2.077996867,2.389674015
260,20,6.399898381,0.7384526118,6.442360712
260,36,3.230011193,-0.738420823,3.313342364
260,52,-0.8680725627,2.745420446,2.879389414
260,68,-1.035753026,2.09240293,2.334723614
260,84,-1.869276369,1.454620572,2.368568165
260,100,-1.692829906,1.660679092,2.371397929
260,116,-1.239169494,1.818072378,2.200210946
260,132,-0.448958783,1.295496511,1.371085409
260,148,0.985797373,0.7110397538,1.215472744
260,164,1.119519715,0.651636505,1.295358841
260,180,0.5362290009,3.463627261,3.504890204
260,196,-0.3966478408,1.393778913,1.449120136
260,212,-1.615161392,0.8163066658,1.809724536
260,228,-1.319400031,0.5154369225,1.416506852
260,244,-1.537267989,-0.5668781176,1.638457711
260,260,-2.166360777,-0.110033905,2.169153401
260,276,-1.505885637,0.127116008,1.511241222
260,292,-0.1799433479,0.7861282928,0.806459733
260,308,1.971910293,1.431949172,2.436987615
260,324,3.590485245,3.498442391,5.013051312
260,340,3.333039508,2.802553604,4.354705394
260,356,4.218977763,0.03199745044,4.219099098
260,372,3.590563151,-0.006922751775,3.590569825
260,388,3.044126662,0.8365490808,3.156979807
260,404,2.027787983,1.632111916,2.603020056
260,420,-0.6182378965,-0.1369169635,0.63321746
260,436,-1.08375095,-1.829069714,2.126032018
260,452,-1.801609662,-1.873052409,2.598869504
260,468,-2.19327138,-2.026370081,2.986070169
260,484,-1.883777024,-2.017882597,2.760519163
260,500,-1.131213421,-2.811480185,3.030522172
276,20,4.316030305,-3.001763506,5.257252299
276,36,2.607236314,0.823527644,2.734205365
276,52,-0.6930084473,3.944673291,4.005085278
276,68,-3.825704733,4.014688627,5.5456056
276,84,-2.53539669,0.3348018517,2.557406627
276,100,-1.90555311,-0.2400139706,1.920609112
276,116,-1.846504115,0.8498665705,2.032695411
276,132,-1.57026399,2.473485579,2.929822504
276,148,-0.4678460336,1.584939769,1.652547725
276,164,1.371004286,4.199508834,4.417638192
276,180,0.8047836594,2.305358474,2.441793282
276,196,0.3353367241,1.478768111,1.516313241
276,212,-0.3635927038,0.8811538073,0.95322174
276,228,-0.5817553166,-0.1151337027,0.5930388
276,244,-1.133378094,-0.5570626881,1.262879544
276,260,-1.859829431,-0.5779138465,1.947549724
276,276,-3.291397954,0.06661396067,3.292071978
276,292,-0.5396407023,1.101468211,1.22655791
276,308,0.3651500892,2.47274431,2.499559763
276,324,2.631739637,3.493898074,4.374171609
276,340,2.488824343,2.709540869,3.679111079
276,356,3.349964813,2.556525101,4.214034271
276,372,4.966733662,2.948702439,5.776096376
276,388,3.578120736,2.442453435,4.332265779
276,404,2.33530887,2.511678024,3.429605519
276,420,-0.6512935336,1.592611095,1.720637488
276,436,-2.211798941,1.276627086,2.553787633
276,452,-1.433068101,0.06612085285,1.434592677
276,468,-0.8390756263,0.2119632656,0.865434187
276,484,-0.8514470864,0.1808127137,0.870434017
276,500,-3.306122575,-0.517507028,3.346380135
292,20,3.046469696,-1.697943306,3.487691081
292,36,1.173870765,-0.160566887,1.184801375
292,52,-1.999112984,2.982777527,3.590740105
292,68,-3.697293189,3.360578728,4.996345296
292,84,-4.627669292,2.412321641,5.218679792
292,100,-0.1067283934,0.8878634017,0.894255204
292,116,-0.4183177443,1.749427646,1.798745903
292,132,0.2629815651,4.568518141,4.576080999
292,148,-0.05272881333,1.86079174,1.861538672
292,164,0.1958903348,1.444303692,1.457527419
292,180,0.9416000265,1.439337385,1.71997172
292,196,0.8332926449,0.6463595533,1.05458869
292,212,0.008271145146,0.1950268399,0.195202152
292,228,-0.2551406723,-0.6679899803,0.715057604
292,244,-0.4604973175,-0.9791060835,1.081991914
292,260,-0.549843969,-0.7865388292,0.959672715
292,276,-4.80487241,0.6397669701,4.847277654
292,292,-1.233393529,1.538069068,1.971526326
292,308,-0.02032286651,1.985711258,1.985815253
292,324,1.64561796,1.88600205,2.503010628
292,340,2.619101582,2.628352312,3.710515998
292,356,2.878092407,3.529025588,4.553837668
292,372,4.411565462,3.696159787,5.755302511
292,388,3.544111023,3.899128764,5.269148704
292,404,3.353776215,3.755576415,5.035093754
292,420,1.728287699,3.05757933,3.512231446
292,436,-0.2210686585,2.286826079,2.297486641
292,452,-0.560099796,1.662197331,1.754027294
292,468,0.00677362976,1.775955528,1.775968446
292,484,0.2180681103,0.7417503095,0.77314114
292,500,-1.471772367,0.1377302914,1.478202805
308,20,3.231301456,-1.387780365,3.516709178
308,36,0.531588559,0.516742395,0.741356256
308,52,-1.74943985,2.191130612,2.803853268
308,68,-3.054772956,2.919344534,4.225424277
308,84,-1.955370786,4.03149351,4.480671248
308,100,-0.1529356841,2.597287969,2.601786716
308,116,0.01697996595,0.6914624695,0.691670923
308,132,-0.3101305801,0.1752594795,0.356225858
308,148,-0.2019411196,-0.1545946407,0.254322077
308,164,0.5274864908,0.05619457484,0.530471326
308,180,1.371033253,-0.2448586851,1.392726806
308,196,1.188024307,-0.2013394487,1.204964451
308,212,0.786114156,-0.2638140199,0.8292004
308,228,0.4936779334,-0.8108591304,0.949321037
308,244,-0.06667707596,-1.199711281,1.201562728
308,260,-3.225571603,-0.5629279464,3.274324364
308,276,-4.116743517,0.6524434408,4.168124234
308,292,-2.721823976,1.11856323,2.942704446
308,308,0.06521400437,1.183533038,1.185328359
308,324,2.612794538,1.02034706,2.804960503
308,340,3.353084822,1.358253587,3.617738331
308,356,2.378512137,2.602427718,3.525613424
308,372,2.817572122,3.323027969,4.356745063
308,388,2.737395959,3.957180885,4.811716658
308,404,2.211690123,4.410181702,4.933687854
308,420,0.3463749161,4.013530229,4.028448893
308,436,-0.6318738771,3.730973974,3.784102455
308,452,-0.7381357618,3.542453337,3.618538386
308,468,0.08116192628,2.666706,2.667940807
308,484,0.1165332593,0.912193082,0.919606557
308,500,-3.08480421,0.3820682124,3.108374677
324,20,0.5101625473,0.3882145273,0.641074367
324,36,-0.3370727012,0.768988686,0.839619917
324,52,-2.340428836,2.422804603,3.368618304
324,68,-2.855482235,3.22557147,4.307910178
324,84,-1.762789906,3.446009846,3.870712094
324,100,0.2838655422,2.09431508,2.113465235
324,116,0.1934914852,1.02241108,1.040559163
324,132,0.820747021,-0.1000442643,0.826821944
324,148,0.7957884091,-1.728342231,1.902746977
324,164,0.802537032,-1.827516709,1.995966685
324,180,1.31008235,-0.6959205396,1.483449076
324,196,1.959058853,-0.3966610093,1.998812534
324,212,1.850116278,-0.4047878176,1.893880519
324,228,0.9326714979,-0.6123834101,1.115746192
324,244,-1.008658031,-1.10057515,1.492868609
324,260,-3.573894259,-0.6852496726,3.638995368
324,276,-4.214125599,0.07477843314,4.214789008
324,292,-3.296529401,0.2297173464,3.304523589
324,308,0.455895883,0.1060697868,0.46807249
324,324,3.464106349,0.3343299323,3.48020248
324,340,5.80193103,-0.8181127439,5.859326936
324,356,1.845145103,1.830785939,2.599295598
324,372,2.328703391,2.335912574,3.29838552
324,388,2.933477768,2.736897541,4.011969587
324,404,1.073965131,3.390740127,3.556756909
324,420,-0.4271439908,3.344104129,3.371273411
324,436,-0.6916217178,2.706262413,2.79324128
324,452,0.1461970803,2.527234948,2.531460067
324,468,0.9182741786,1.758063858,1.983435402
324,484,0.2050452636,0.7917950728,0.817913808
324,500,-2.662563692,0.1418141331,2.666337687
340,20,-0.5282025306,0.3314971347,0.623609063
340,36,-1.15890541,0.8657851604,1.446597972
340,52,-2.770537343,2.344152955,3.629177627
340,68,-3.117635925,2.841712114,4.218409831
340,84,-1.512335211,2.476351608,2.901633174
340,100,0.8415795245,0.9282425208,1.252952622
340,116,2.158344162,-0.08292716678,2.159936674
340,132,1.972939461,-1.002024659,2.212813488
340,148,2.159035161,-3.044036012,3.731968391
340,164,1.652688806,-4.732969427,5.01322051
340,180,1.388206481,-1.792517801,2.267209144
340,196,1.418081841,-2.787403106,3.127390635
340,212,2.044880048,-0.8875114847,2.229172727
340,228,0.8134409565,-0.7308609013,1.093546454
340,244,-1.261326074,-1.197845874,1.739476416
340,260,-3.360290569,-0.8671405497,3.470372522
340,276,-4.519057916,-0.3355244404,4.531496563
340,292,-3.866135781,-0.4336638276,3.890381754
340,308,0.7509304427,-0.5037343983,0.904237178
340,324,2.936826545,-0.3957026432,2.963364766
340,340,5.117104665,-0.8254174799,5.183249383
340,356,3.224376305,1.32993959,3.487885014
340,372,2.53731761,1.146699551,2.78440308
340,388,1.9295201,0.8432372889,2.105729551
340,404,-0.3825366519,1.574288113,1.620097945
340,420,-0.5171861934,1.879605026,1.949460595
340,436,-0.2420291274,2.142586609,2.156213226
340,452,1.642682015,0.8414715213,1.845664792
340,468,1.626406942,0.5913103352,1.730562756
340,484,0.5551815662,0.8485970929,1.014072777
340,500,-0.2214890489,-0.2012250579,0.29924726
356,20,-2.250500007,-0.9721186884,2.45148221
356,36,-3.582280696,0.08357713684,3.58325552
356,52,-3.141676915,0.7296524076,3.225294789
356,68,-3.003727544,1.194079231,3.232368229
356,84,-0.771248821,0.06799070975,0.774239937
356,100,1.048181078,-0.8613377074,1.356682062
356,116,2.808218937,-2.450905179,3.727335482
356,132,2.84300544,-3.968532554,4.881795834
356,148,2.302559165,-5.630568953,6.083180537
356,164,0.7263803479,-5.921868257,5.96625109
356,180,0.7704702972,-4.322699222,4.390826009
356,196,0.5048528038,-3.042350999,3.083954597
356,212,1.416607571,-1.407644143,1.997057596
356,228,-0.116986016,-0.8074501005,0.815880747
356,244,-1.665213621,-1.119113584,2.006327894
356,260,-2.062699022,-1.157918853,2.365481627
356,276,-2.050355687,-0.7638893591,2.188032311
356,292,-1.240812397,-0.706327199,1.427765218
356,308,0.1890273749,-1.461837238,1.474007958
356,324,3.409421202,-0.7562360979,3.492283775
356,340,4.676737946,0.1423521359,4.678903926
356,356,3.838747553,0.6801982293,3.898544909
356,372,2.130596398,0.4774905585,2.183446414
356,388,-0.163132232,0.8072597877,0.823577859
356,404,-0.2133031599,0.9477501813,0.97145697
356,420,-0.2260892693,1.282048015,1.301830815
356,436,-0.6838530927,1.674001261,1.808296235
356,452,2.466464663,0.5919211494,2.536497306
356,468,2.448709489,0.3000266848,2.467021316
356,484,2.810232533,1.553399926,3.210990224
356,500,0.5852004209,1.099271035,1.245333827
372,20,-2.587183849,-2.389299734,3.521686171
372,36,-3.962129293,-2.755794135,4.826268729
372,52,-2.676899957,-1.552564095,3.094551446
372,68,-2.167106022,-1.42855524,2.595595998
372,84,-1.17334116,-1.468304522,1.879533891
372,100,3.417567893,-4.330596085,5.516686755
372,116,2.598683321,-4.720417327,5.388459404
372,132,3.100206407,-5.089806105,5.95964814
372,148,2.848062592,-6.055685983,6.691994714
372,164,-1.26386539,-1.357833939,1.855011787
372,180,0.1757611443,-3.35655053,3.361149125
372,196,0.7082484262,-1.997676317,2.119510911
372,212,0.09484076535,-0.980557786,0.985133667
372,228,-1.595526194,-0.7428175304,1.759966397
372,244,-1.401604197,-1.074605801,1.766146073
372,260,-1.601675867,-1.236159626,2.023229153
372,276,-1.800767074,-1.076422132,2.097962502
372,292,-1.784077767,-1.6570339,2.434891132
372,308,-0.2711683355,-2.328008954,2.343748697
372,324,3.084193585,-1.353688914,3.36819295
372,340,3.938542557,0.2213418583,3.944757241
372,356,3.499144436,0.3895882633,3.520765655
372,372,1.989861733,1.134572274,2.290590308
372,388,-1.013677967,0.5941827963,1.174987752
372,404,-1.872815691,0.6256906274,1.974570174
372,420,-2.906758203,1.100686206,3.108175248
372,436,-3.140841631,1.955781284,3.699995484
372,452,0.03753985974,1.529306125,1.529766801
372,468,0.437342049,0.504211986,0.667456212
372,484,1.0818311,1.726181967,2.037170271
372,500,0.8828400345,1.579992092,1.809912025
388,20,-2.505744113,-2.245270678,3.364519873
388,36,-1.539932489,-1.794278665,2.36449318
388,52,-2.326945363,-1.754374886,2.914190447
388,68,-2.540606532,-2.243384838,3.389315135
388,84,0.1832046996,-3.264374562,3.269511469
388,100,3.703288857,-3.861723926,5.350444845
388,116,2.104611741,-6.350675998,6.690327063
388,132,2.429728491,-5.164230693,5.707263722
388,148,2.207814598,-2.208773038,3.122999141
388,164,0.3579862495,-3.419863067,3.438548757
388,180,-1.517413529,-3.707440989,4.005953383
388,196,-2.290580035,-3.217787677,3.94979929
388,212,-2.440581252,-0.8650144045,2.589340991
388,228,-1.817166689,-0.1227240077,1.821306113
388,244,-1.389225857,-0.781463983,1.593936774
388,260,-1.130378604,-1.162689985,1.621605313
388,276,-1.22380739,-1.448334541,1.896148061
388,292,-2.914492116,-4.307198328,5.200598209
388,308,-1.094195986,-4.576341571,4.705333891
388,324,2.67246041,-2.201210612,3.462278556
388,340,2.869992245,-0.5690016313,2.925853438
388,356,3.112154661,-0.1804114358,3.117379496
388,372,-0.8899576156,-1.925396181,2.121125883
388,388,-0.9784670755,0.785032126,1.254461341
388,404,-2.614696956,0.3031149207,2.632207976
388,420,-3.649341825,0.8965709793,3.757863126
388,436,-3.132991967,2.047882171,3.742921326
388,452,1.061372424,1.958170038,2.227317068
388,468,1.318443927,3.932723729,4.147844057
388,484,1.107330302,4.395153929,4.532500244
388,500,-0.08389809745,1.197098149,1.200034528
404,20,-0.3578593145,-1.99053267,2.022444956
404,36,0.6188999679,-1.843382437,1.944504045
404,52,-2.356132526,-1.486682411,2.785962145
404,68,-2.651688916,-2.722758173,3.800640232
404,84,1.620514586,-2.235695486,2.761231941
404,100,-0.1166175749,-4.222017602,4.223627859
404,116,3.468999521,-2.45319067,4.248776546
404,132,4.226852625,-1.959151123,4.658814896
404,148,3.478942924,-1.568842037,3.816321423
404,164,1.837858432,-1.49540493,2.369379565
404,180,-0.7111909611,-3.072506901,3.153742418
404,196,-2.150629217,-0.8560404503,2.314737843
404,212,-1.688665629,1.907116086,2.547289417
404,228,-1.781628094,1.686112244,2.452992696
404,244,-1.008025929,-0.3762535837,1.075956799
404,260,-0.6897442859,-0.6531136966,0.949897195
404,276,-1.473676959,-2.20497775,2.652103063
404,292,-1.240943074,-3.604942404,3.812551567
404,308,-0.3069444512,-4.944473477,4.953991609
404,324,1.422753014,-3.932009744,4.181498148
404,340,2.27314986,-2.123821717,3.11092092
404,356,1.246024906,-0.4549638878,1.326487921
404,372,-0.4186784287,0.07526394256,0.425389572
404,388,-1.201217512,-0.9669691994,1.542061265
404,404,-1.386153045,-1.052899092,1.740694333
404,420,-4.544597907,1.724351391,4.860736349
404,436,-3.393711553,3.305428428,4.737418622
404,452,-2.407169446,5.064014693,5.607023235
404,468,0.1506345852,6.401927148,6.403699086
404,484,0.9410547142,6.824440569,6.889018294
404,500,0.7209804747,3.64678467,3.717371555
420,20,-2.225869485,-1.693284642,2.796731636
420,36,0.594731251,-1.306522341,1.435515896
420,52,-1.935272118,-0.5867871692,2.022275291
420,68,-1.158530671,-1.295068667,1.737640978
420,84,1.582598645,-1.51184038,2.188670785
420,100,1.50936427,-2.371976466,2.81148588
420,116,4.004855581,-1.574434701,4.303221218
420,132,4.258830998,-1.137081349,4.408014912
420,148,3.402451119,-1.187602695,3.603758285
420,164,1.032638681,3.044728193,3.215075802
420,180,-0.1663348962,3.615399699,3.619223989
420,196,-3.087829512,2.949772347,4.270345184
420,212,-3.00048988,2.767801379,4.082115137
420,228,-1.650052874,1.718579651,2.382475709
420,244,-0.6625404839,0.3128122266,0.732674131
420,260,-0.2032839387,-0.3423485158,0.398154324
420,276,-0.1502073109,-1.842760577,1.8488723
420,292,-0.03605594184,-3.044608586,3.044822076
420,308,-0.002325616077,-3.917651065,3.917651755
420,324,0.6709812304,-3.848930483,3.906978586
420,340,0.8026588609,-1.631425483,1.818188756
420,356,-0.03849045566,-0.6757314989,0.676826842
420,372,-1.487195535,0.1013553551,1.490645319
420,388,-2.276055781,-0.1662949189,2.282122678
420,404,-2.873677783,0.2788162629,2.887172061
420,420,-5.557549473,2.044527322,5.921693011
420,436,-3.441294643,2.140601748,4.052737922
420,452,-2.480703318,4.688523621,5.304351298
420,468,-0.3297195358,5.480855943,5.490764686
420,484,1.126989154,4.723261441,4.855852468
420,500,1.305784807,2.918815291,3.197586068
436,20,-2.182995728,0.3484937681,2.210637522
436,36,-1.698619574,0.2847796566,1.722326308
436,52,-0.8755026269,0.957632423,1.297522527
436,68,0.05893035077,-0.2682447615,0.274641654
436,84,1.656815152,-1.059700509,1.966723574
436,100,2.49186928,-1.225238374,2.776800602
436,116,1.089368657,-0.9328656098,1.434211392
436,132,3.455377543,2.100002183,4.043469195
436,148,1.619860877,3.872012382,4.197193008
436,164,1.301121707,4.114053682,4.314899233
436,180,-0.4055611304,4.45886042,4.477266585
436,196,-1.240846638,1.725896289,2.125657164
436,212,-1.800131399,2.461827922,3.049765527
436,228,-0.9353051958,2.122483214,2.319424671
436,244,0.2364698248,1.14337191,1.167568971
436,260,1.018803683,0.04510290528,1.019801557
436,276,1.335038753,-1.376498468,1.917570469
436,292,0.6187056984,-2.660508028,2.731501365
436,308,-0.6212544509,-2.523081919,2.598441737
436,324,-1.070663482,-2.989680597,3.175611809
436,340,-0.684539076,-0.8923821508,1.124695359
436,356,-1.067628428,0.09235104737,1.071615218
436,372,-2.217367996,1.113540585,2.481268519
436,388,-1.688154745,1.140706756,2.037419531
436,404,-2.274952836,0.2899317405,2.293353619
436,420,-3.00765327,-0.779649019,3.107061439
436,436,-2.333214227,-1.476072379,2.760919828
436,452,-2.760240022,-0.2948222491,2.775940406
436,468,-1.586153472,0.2985143414,1.613999272
436,484,1.420502503,0.9287658696,1.697183962
436,500,2.069384794,0.3863997619,2.105150399
452,20,-3.965826386,-0.06350329961,3.966334781
452,36,-1.144685695,0.5496174037,1.269797083
452,52,-0.257697857,1.689559715,1.709099241
452,68,0.5895102366,0.9516774784,1.11946967
452,84,2.007672166,0.05428907974,2.008406042
452,100,2.66533515,-0.1060456061,2.667443932
452,116,1.402329314,0.4160545569,1.462747039
452,132,0.8404515614,2.019176065,2.187105578
452,148,0.44851578,3.23445098,3.265400365
452,164,-0.1411059653,3.418715361,3.421626165
452,180,-0.2259499923,3.041722745,3.050103385
452,196,-0.5820003933,1.943590369,2.028858788
452,212,-0.8000067237,2.296949517,2.432280379
452,228,-0.1897055694,2.034300678,2.043126881
452,244,0.2834449981,1.351179147,1.380589061
452,260,1.252326282,0.2673828517,1.2805525
452,276,2.266321549,-0.8862979156,2.433462011
452,292,1.397197388,-1.566561259,2.099112841
452,308,-0.6166068751,-1.477716127,1.601202358
452,324,-2.733424772,-1.539427785,3.137108364
452,340,-1.073623905,-0.3495082029,1.129081163
452,356,-0.9887065661,0.2140437332,1.011610297
452,372,-1.440654276,1.122614292,1.826402911
452,388,-1.793283891,0.6677838093,1.913583635
452,404,-1.530325544,0.5198529615,1.616212663
452,420,-1.099030692,-0.3727736338,1.160529467
452,436,-2.039419804,-2.257629774,3.042388097
452,452,-1.090035688,-3.02539084,3.215768576
452,468,-0.5699260705,-4.33594419,4.37323996
452,484,0.02980895763,-4.858931239,4.859022675
452,500,2.047835101,-2.360877254,3.125279189
468,20,-3.40380211,-1.636053004,3.776577582
468,36,-2.183262164,0.01862288925,2.183341588
468,52,-1.203250618,1.852210614,2.20873181
468,68,-0.07813063617,1.785241981,1.786950846
468,84,1.772895317,0.9556927579,2.014077072
468,100,1.950737711,0.4935262422,2.012199237
468,116,1.244207005,0.5320880816,1.353206857
468,132,0.6795345595,0.9360740922,1.156720331
468,148,0.02078202312,4.027274436,4.027328057
468,164,0.2878784771,4.249097044,4.258837835
468,180,-0.4595409111,4.116807888,4.142376738
468,196,-2.667260714,5.503470758,6.11575589
468,212,-0.7931434876,3.235268019,3.331071261
468,228,-0.2484505463,2.363565043,2.37658734
468,244,2.276004846,2.749193885,3.569070618
468,260,1.237954357,0.862176771,1.508601927
468,276,1.879386589,0.6128079651,1.976772003
468,292,1.07327287,1.421327169,1.781034973
468,308,-0.3700332724,0.7882765254,0.870806812
468,324,-1.635480344,0.4799694928,1.704454948
468,340,-0.6899585905,0.5087883928,0.857268036
468,356,-0.6420929275,0.8547551959,1.069060229
468,372,-1.169100774,0.6576413804,1.341375714
468,388,-1.554124098,-0.1872312154,1.565361696
468,404,-1.336488859,0.04052555005,1.337103134
468,420,-0.7863487209,-0.851393899,1.158971907
468,436,-0.1159247525,-2.270619803,2.273577102
468,452,-0.516179555,-3.216114918,3.257274397
468,468,-0.5707595331,-5.214771816,5.245913794
468,484,-0.1335336617,-5.098758075,5.100506362
468,500,1.84332741,-2.205458356,2.874352536
484,20,-0.419250511,-2.302433337,2.340292773
484,36,-0.6016891827,0.69475383,0.919082563
484,52,-0.1213296092,4.848708659,4.850226442
484,68,-0.5096608256,2.621436057,2.670520765
484,84,0.4015706413,1.768644774,1.813660199
484,100,1.106697721,0.6728370908,1.295179368
484,116,1.534578752,-0.1788031233,1.544960356
484,132,1.046969568,-0.9320263264,1.401719783
484,148,0.5304907334,-0.9323975941,1.072746798
484,164,1.23859994,3.178666065,3.411458305
484,180,-1.130267734,5.054107413,5.178948435
484,196,-0.7170044704,2.219654891,2.332587243
484,212,-0.7855287095,3.095372899,3.193491622
484,228,-0.3460948912,2.79845028,2.819770495
484,244,2.660009855,2.845250296,3.895009843
484,260,3.046575215,2.19234822,3.75339996
484,276,2.256785817,2.914642889,3.686221018
484,292,0.635325244,3.178378621,3.241254205
484,308,-0.1374264397,2.630649202,2.634236369
484,324,-1.276417467,1.816021613,2.219724318
484,340,-1.596736861,1.164968546,1.976542516
484,356,-0.784254963,0.6822590665,1.039487028
484,372,-0.7494992811,-0.003427360679,0.749507117
484,388,-1.079722341,-0.7111318938,1.292868479
484,404,-1.195247784,-1.339908016,1.795541912
484,420,-0.8142667334,-1.844857261,2.016563569
484,436,-0.5658097036,-2.689643962,2.748513282
484,452,-0.7700269367,-3.145759581,3.238633172
484,468,-0.5458557267,-3.556977265,3.598617198
484,484,-0.2379265718,-2.490765435,2.502103416
484,500,0.2660609849,-0.9986577135,1.033491982
500,20,0.2914718479,-1.11485825,1.152330142
500,36,0.3170855532,0.2141171086,0.382608657
500,52,0.6340520783,1.710102236,1.823861753
500,68,-0.1953755609,2.25166231,2.260122733
500,84,1.705863746,-0.1197748341,1.710063487
500,100,1.90629433,-0.5419151765,1.98182495
500,116,1.397096085,-1.084253191,1.768468957
500,132,0.9572960446,-2.272294263,2.465712257
500,148,-1.049361754,0.4086467563,1.126122667
500,164,-3.533260385,2.066593527,4.093255154
500,180,-2.619639102,1.895221397,3.233322311
500,196,-1.605543551,2.082855921,2.629840087
500,212,-0.5289574101,1.952189444,2.022582401
500,228,2.96617005,2.365326943,3.793802356
500,244,5.464942367,2.158291783,5.875697277
500,260,2.278639352,1.42664051,2.688401094
500,276,2.201958474,1.53053349,2.68163269
500,292,0.04487677984,2.431190637,2.431604787
500,308,-0.218173722,2.667865827,2.676771907
500,324,-0.7618072723,2.406696804,2.524389001
500,340,-1.015935536,1.22018369,1.587757302
500,356,-0.6869463292,0.51693868,0.859721384
500,372,-0.2111585549,-0.1388772113,0.252734673
500,388,-0.3812274291,-1.485235839,1.533381834
500,404,-0.6935037094,-2.725041981,2.811903482
500,420,-1.448264505,-3.18203876,3.496117954
500,436,-1.419814991,-2.041050645,2.486315013
500,452,-0.9900677275,-2.333173614,2.534547932
500,468,-0.8400265849,-2.547316402,2.682250084
500,484,-0.4368147506,-1.518036047,1.579633048
500,500,-1.102974293,-0.08862888705,1.106529426
516,20,0.5677886073,-1.277694798,1.398173058
516,36,0.9445074692,-0.4335293815,1.039250732
516,52,2.53582793,-0.4740791322,2.579762453
516,68,2.492671316,0.7750404862,2.610382739
516,84,2.551741017,-0.2399145046,2.562994574
516,100,0.5428261821,0.6018703534,0.810498727
516,116,0.9266570335,0.3545353426,0.992163579
516,132,0.6361638825,0.4317064333,0.768813976
516,148,-2.151973408,2.772685355,3.509811053
516,164,-1.970275393,1.187746425,2.300592683
516,180,-3.256427608,1.431708755,3.557261689
516,196,-2.170940639,1.515737325,2.647724097
516,212,-0.1799841269,0.7903485798,0.810583224
516,228,3.626278513,0.3180987253,3.640203655
516,244,5.531512015,0.4655660276,5.551069888
516,260,3.617835343,0.6862155789,3.682339527
516,276,2.170870034,1.140441759,2.452199851
516,292,-0.2639707007,1.751061976,1.770846852
516,308,-0.544913966,2.57568936,2.632699548
516,324,-0.4958553952,2.807456084,2.850909019
516,340,-0.3858055454,1.433645627,1.484650027
516,356,-0.2222734375,0.6598750259,0.696304912
516,372,0.02514903191,-0.1873214538,0.189002119
516,388,1.062240986,-1.341615833,1.711224402
516,404,-0.8281106879,-1.129614766,1.400641578
516,420,-3.102682604,-0.5337210012,3.148253079
516,436,-3.478591245,-0.5232386488,3.517723089
516,452,-2.194390828,-0.05425981248,2.195061556
516,468,-0.9760497797,-0.2348106359,1.00389701
516,484,-0.356606056,0.1265560127,0.378397018
516,500,-3.138169115,2.250807099,3.861895647
532,20,0.4673865047,-2.284696762,2.332014031
532,36,0.357327786,-0.1964607046,0.407774392
532,52,0.4097021957,0.2698344478,0.490577739
532,68,0.1614948343,0.0929848317,0.186351175
532,84,-0.04278852254,-0.3962169108,0.398520637
532,100,-0.07946512607,1.032476299,1.035529823
532,116,0.3963846632,2.741787209,2.770292024
532,132,-1.232449675,2.652688788,2.925011112
532,148,-1.686825472,3.575181994,3.953138812
532,164,-1.115818037,1.545364046,1.906095466
532,180,-2.27022418,0.7380521024,2.387182174
532,196,-1.615958181,0.2917502961,1.642083761
532,212,-0.004591833764,-0.3658900582,0.36591887
532,228,2.32351781,-0.873062207,2.482130663
532,244,3.098416301,-0.2199043954,3.106210153
532,260,3.260718273,0.1757917298,3.265453474
532,276,1.380458303,0.02435440418,1.38067312
532,292,-0.7212541098,1.271993547,1.462250004
532,308,-1.329434794,1.832566705,2.264000353
532,324,-0.6165026847,2.312254167,2.393030483
532,340,2.232866016,2.753963165,3.54542011
532,356,2.500020395,1.374361481,2.852888266
532,372,1.809025706,-0.1508364948,1.815303185
532,388,1.767790643,-0.838505647,1.95657238
532,404,-0.2780433522,-0.4806732471,0.555297106
532,420,-3.44799167,0.1333902489,3.450570897
532,436,-3.502175211,0.1020615577,3.503662051
532,452,-2.993959109,0.2023086058,3.00078655
532,468,-1.745909253,-0.5954244251,1.844648846
532,484,-0.7004160949,0.04451338858,0.701829144
532,500,-0.5248630584,0.93947749,1.076150168
548,20,-0.3463625506,-1.157426744,1.20814059
548,36,0.6948909923,-1.0044766,1.221411778
548,52,0.4356251986,-0.2402611393,0.497488421
548,68,-0.2897981972,-0.4362802775,0.523758986
548,84,-1.133392042,0.1115130074,1.138864642
548,100,-1.73606651,0.3691525026,1.774880418
548,116,-0.3156427271,2.546949758,2.566433985
548,132,-0.4812633893,2.905758211,2.945342973
548,148,-0.5121777639,3.100922715,3.142936166
548,164,-0.5897142355,1.850172951,1.94188126
548,180,-0.9304773295,0.1544184672,0.943203649
548,196,-0.5677820367,-0.6970570767,0.8990356
548,212,0.467173873,-1.63021523,1.69583405
548,228,1.804110631,-1.723973638,2.495375778
548,244,3.372268178,-1.046987286,3.531058629
548,260,3.294884422,-0.5769409707,3.345014834
548,276,-0.2428398316,-0.08298179624,0.256626504
548,292,-1.414997115,0.2950341358,1.445427956
548,308,-2.216562181,0.9515360319,2.412170956
548,324,-0.9947064747,1.475462492,1.779446694
548,340,1.789608219,2.425065929,3.01390815
548,356,3.388686267,2.700944656,4.333393203
548,372,2.188367922,0.8163242185,2.335666798
548,388,1.786740128,0.2884634408,1.809876085
548,404,-0.1265170128,0.4858665277,0.502068558
548,420,-3.666271483,0.307167247,3.679116511
548,436,-3.309606604,0.1916512372,3.315150988
548,452,-2.50963244,-0.2243068535,2.519636591
548,468,-1.724144016,-0.663061422,1.847247422
548,484,-0.5832237281,-0.8819648771,1.057360847
548,500,2.263996035,0.5231119825,2.323644593
564,20,2.501564873,-2.640297177,3.637168679
564,36,1.719718431,-3.184438506,3.619126978
564,52,0.4783020468,-1.721956532,1.787150566
564,68,-0.5678816091,-0.8878080619,1.053894054
564,84,-1.793185636,0.1746793652,1.801673557
564,100,-2.71576832,0.09184462606,2.717320924
564,116,-3.156283606,1.098582589,3.342006868
564,132,-0.428153111,2.263028583,2.303174647
564,148,-0.2272649144,2.087864644,2.100197161
564,164,-0.175622151,1.135903562,1.149399862
564,180,-0.366808403,-0.8508279307,0.926529315
564,196,0.1150975754,-2.219625587,2.222607747
564,212,0.8462550177,-2.651384944,2.783161813
564,228,1.66378053,-2.320861573,2.855619739
564,244,2.460859466,-1.913434655,3.117220154
564,260,1.837024665,-1.548396114,2.402538271
564,276,-0.2909554106,-0.5258921285,0.601013795
564,292,-2.114718641,-0.1086636713,2.117508613
564,308,-2.825675045,0.5793226603,2.884450416
564,324,-1.181553869,0.7691177171,1.409826801
564,340,-0.3087502444,1.292186197,1.328560078
564,356,2.170421457,2.73366301,3.490507521
564,372,1.87548563,1.99355766,2.73710038
564,388,1.739014176,1.341795942,2.196494174
564,404,-0.2974722906,0.6160864321,0.684143447
564,420,-0.8371892763,0.1867750577,0.857770836
564,436,-1.077537319,-0.6924195261,1.280832336
564,452,-2.024438974,-0.6842703316,2.136955555
564,468,-1.49036827,-1.073473952,1.836720966
564,484,0.02565836031,-1.166054198,1.166336463
564,500,1.380631924,-0.6733461591,1.536079282
580,20,4.257102382,-2.408184391,4.891040048
580,36,2.194428954,-3.843964892,4.426238191
580,52,1.115212397,-2.090461306,2.36933053
580,68,-0.3653395036,-1.010122936,1.074160742
580,84,-0.855483807,-0.2042447414,0.879527406
580,100,-2.958945856,-0.3235868358,2.976586807
580,116,-1.490089236,0.07055634244,1.491758737
580,132,0.09612510843,0.6323652596,0.639629469
580,148,-0.02305590991,0.7489115008,0.749266315
580,164,0.1037664999,-0.006743682291,0.103985402
580,180,-0.03772750693,-1.779739226,1.780139061
580,196,0.1461420311,-3.324443182,3.327653823
580,212,1.271924247,-1.664016896,2.094455423
580,228,2.143519433,-2.506983215,3.29842999
580,244,1.984519484,-2.421796926,3.13104103
580,260,0.7020446205,-1.546339014,1.698243503
580,276,-0.8921704972,-1.109042968,1.423356772
580,292,-2.725760469,-0.5236185646,2.77559841
580,308,-3.505504378,0.1164474997,3.507437949
580,324,0.4665912673,-2.189715108,2.238874643
580,340,-1.003184486,2.140222441,2.363669014
580,356,-0.4747194054,2.288298171,2.337020974
580,372,1.41259633,2.172151327,2.591075024
580,388,-0.06739012901,1.400559396,1.40217975
580,404,-0.1604448288,0.5157492315,0.540129441
580,420,0.351772556,-0.7602299816,0.837671508
580,436,-0.4405413988,-0.2898614139,0.527348427
580,452,-0.8014506965,-1.034606589,1.308714642
580,468,-0.7502464157,-1.458527582,1.6401745
580,484,-0.4744957688,-0.8511939405,0.974513909
580,500,-0.1867897034,-1.359478193,1.372250469
596,20,0.9719279452,-2.467153436,2.651695685
596,36,2.166374405,-2.658892596,3.429706678
596,52,-1.650413265,-3.196011372,3.596992165
596,68,-3.132735205,-2.387547226,3.938833789
596,84,-3.022902145,-1.693435689,3.464918731
596,100,-0.03300789925,-1.163821827,1.164289812
596,116,0.05874741082,-1.125135643,1.126668307
596,132,0.04194839481,-0.6337336572,0.635120474
596,148,0.5546823586,-0.3453838922,0.653423715
596,164,0.5708868125,-1.18319537,1.313721065
596,180,0.6959890512,-1.541753401,1.691568594
596,196,1.77893457,-3.188456095,3.651145091
596,212,1.908567979,-2.133262785,2.862418879
596,228,1.509073654,-1.920334384,2.442332377
596,244,1.244209544,-2.277346805,2.595065675
596,260,-0.1094028401,-1.813706369,1.817002965
596,276,-1.584465674,-1.696844995,2.321597383
596,292,-3.292041044,-1.452849268,3.59837536
596,308,-2.754052817,-0.02617154178,2.754177167
596,324,-1.013125679,-0.8168788901,1.301427971
596,340,-0.2877843768,-0.9363760989,0.979601984
596,356,-0.5941173765,3.885283798,3.930445986
596,372,-0.8426342335,0.2524019255,0.879624456
596,388,-0.548444124,-0.009962049848,0.548534593
596,404,-0.195690118,0.8627696933,0.884684218
596,420,2.052669543,2.666035916,3.364699059
596,436,0.1930451272,0.2646357147,0.327564471
596,452,0.009424002147,-1.705767028,1.705793061
596,468,-0.2346709269,-2.874835845,2.884397958
596,484,-0.7590848649,-1.376582016,1.572001234
596,500,-1.071520375,-1.913007537,2.192659059
612,20,0.397758076,1.085398292,1.155984835
612,36,1.229511884,-1.244302525,1.749282209
612,52,1.402461305,-2.780294183,3.113989958
612,68,-3.361043157,-3.376073936,4.763873038
612,84,-0.4410508823,-3.048529473,3.080269116
612,100,-0.6563268369,-1.045477289,1.234417951
612,116,-1.743818416,-0.3291840379,1.774616803
612,132,-0.6350932856,-0.3810341554,0.740628455
612,148,0.5212633219,-1.071737412,1.191778726
612,164,2.231742372,-0.4523075915,2.277115757
612,180,2.018751305,-0.6439101075,2.118956597
612,196,2.473788544,-3.463385983,4.256133483
612,212,2.334208425,-2.445433607,3.380632263
612,228,2.028423429,-1.106633193,2.310657619
612,244,0.5415556163,-0.9814439537,1.120943674
612,260,0.1427198284,-4.689376149,4.691547465
612,276,-2.599842475,-1.97163274,3.262900022
612,292,-3.097443504,-1.744131374,3.554736349
612,308,-3.205540167,2.048594492,3.804238052
612,324,-1.477256788,-0.1152528114,1.481745872
612,340,-1.458979664,0.7586566545,1.644439594
612,356,-1.038294704,0.906340246,1.37822659
612,372,-0.7905311813,0.4847347604,0.927311887
612,388,-0.4843614211,0.2944005516,0.566813612
612,404,-0.2075803381,2.040329048,2.050861336
612,420,1.073568731,0.443117275,1.161422722
612,436,0.8996605499,-2.092012522,2.277258329
612,452,0.6188923623,-1.190172764,1.341468958
612,468,0.1335066567,-1.426405067,1.432639327
612,484,-0.4170962088,-1.418870411,1.478905842
612,500,-2.549325026,-1.559680835,2.988588696
628,20,0.6552748604,1.289501422,1.44644359
628,36,1.002374267,-0.180219181,1.018446427
628,52,1.037657681,-1.175470592,1.567949162
628,68,0.1798933851,-2.667232819,2.673292453
628,84,-0.378994473,-3.425697391,3.44659824
628,100,-1.717521141,-1.566370984,2.324520796
628,116,-2.677359963,-0.692702779,2.76551867
628,132,-1.656942893,-0.3910706981,1.702467633
628,148,-0.3211633594,-0.2494393077,0.406652028
628,164,2.397089327,-0.3584374198,2.423739802
628,180,2.963437687,-0.2234850884,2.971852707
628,196,4.98870491,-1.776904945,5.295712215
628,212,2.926053747,-3.078452468,4.247194383
628,228,1.672226578,-0.8278306643,1.865916755
628,244,0.5062284573,-0.5499474817,0.747468717
628,260,-0.5005448151,-1.267847837,1.363078593
628,276,-3.327337663,-1.422338533,3.61859404
628,292,-4.236661322,1.316035874,4.436355439
628,308,-4.311195137,2.10976133,4.799739199
628,324,-2.885551976,1.657202448,3.32757121
628,340,-2.038671338,1.36237263,2.451986951
628,356,-0.9565670928,0.3626249732,1.022994367
628,372,0.4463887494,-1.224364991,1.303200885
628,388,4.763843267,0.4008825261,4.780680859
628,404,2.737990626,0.9992475508,2.914633482
628,420,1.54952517,-0.841883342,1.763461316
628,436,0.5138622461,-1.918627005,1.986248724
628,452,1.832834543,-3.049489681,3.557902441
628,468,-0.3460560446,-1.288701407,1.334356063
628,484,-1.074787146,-1.390875359,1.757754725
628,500,-2.648678699,-1.00745929,2.833808933
644,20,1.831750749,-0.3582853784,1.866461684
644,36,2.956224287,-1.757934951,3.439418167
644,52,2.437167501,-0.8454387495,2.579641856
644,68,0.5045592868,-1.554346679,1.634188995
644,84,-1.641890104,-1.095803792,1.97397798
644,100,-3.157403291,-1.101606478,3.344059266
644,116,-3.956658002,-0.5841856773,3.999551906
644,132,-3.722632529,-0.5138822111,3.75793399
644,148,-0.8121793052,0.766975966,1.117088786
644,164,2.02169796,-0.1798630488,2.029683068
644,180,3.393335356,0.3695657012,3.413400598
644,196,3.380761216,-0.1258934496,3.383104426
644,212,2.640128102,-1.155001205,2.881718962
644,228,1.270980986,-0.9700328251,1.598860953
644,244,-0.1390124946,-0.3837656438,0.408167298
644,260,-1.013590117,0.1053210489,1.019047324
644,276,-3.345169513,2.544796857,4.203111956
644,292,-3.583603286,1.250951483,3.795667547
644,308,-6.066555231,2.051327955,6.403986161
644,324,-4.537538328,1.183327243,4.689298182
644,340,-3.771593499,1.163752437,3.94705425
644,356,-0.3845165299,-0.5538880958,0.674273672
644,372,2.14785977,-2.232077053,3.097655494
644,388,2.392186908,-3.501913482,4.240985291
644,404,3.139087522,-2.014377656,3.729824099
644,420,1.872679075,-2.891271189,3.44476066
644,436,0.3513864225,-2.384188429,2.409943336
644,452,2.762511487,-3.125567842,4.171407922
644,468,0.1772831651,-1.347504877,1.359116888
644,484,-0.09803413417,-1.616875766,1.619845034
644,500,-1.302274019,-0.9559474146,1.615473021
660,20,1.8837531,-0.6064226062,1.978957837
660,36,3.052645952,-1.096455178,3.243587715
660,52,3.256427644,-0.216408994,3.263610555
660,68,-0.6055463007,1.041023587,1.204332359
660,84,-1.803815942,0.4977209033,1.871223677
660,100,-6.178875643,0.2476987655,6.183838524
660,116,-6.130348805,0.4223684851,6.144881741
660,132,-4.65647179,2.368870379,5.224392443
660,148,-1.062060436,1.092381773,1.523571563
660,164,3.170396065,-0.07942768976,3.171390857
660,180,4.788011824,0.5806053668,4.82308613
660,196,5.661751527,0.08058746963,5.662325025
660,212,2.96864379,-0.6999693928,3.050049689
660,228,0.6533939192,-0.9022129431,1.113962211
660,244,-2.076705814,0.3921504463,2.113406968
660,260,-3.525332133,1.336800652,3.770278853
660,276,-5.555184315,3.907017413,6.791528388
660,292,-2.474662324,-0.005409545337,2.474668237
660,308,-2.696009976,-0.9156770663,2.847267862
660,324,-0.9125590431,-2.443531975,2.608373539
660,340,-0.3908228991,-1.987764052,2.025820442
660,356,0.474899954,-2.274553267,2.323601199
660,372,2.194411922,-2.299807721,3.178766937
660,388,2.864400035,-1.963063417,3.472521496
660,404,2.699220914,-2.947836056,3.996940199
660,420,1.603699702,-2.29910978,2.80316937
660,436,0.3487277904,-0.8894452073,0.955365819
660,452,0.3070534982,-0.7608930371,0.820512075
660,468,0.0291568352,-0.182176541,0.184495022
660,484,-0.4709229366,-0.8132570511,0.939763504
660,500,-1.108209381,-0.6525373395,1.286053269
676,20,0.7668625995,-0.364527262,0.849092675
676,36,-0.3500279012,-0.1226319179,0.370888284
676,52,2.528509609,-0.04663374739,2.52893961
676,68,0.4377929288,3.028275109,3.059756981
676,84,-1.39410728,2.984181327,3.293762788
676,100,-4.701469869,1.287616351,4.874605091
676,116,-4.963322149,0.7842051482,5.024892483
676,132,-1.82907878,2.195120622,2.857286077
676,148,-0.6633941342,0.7686739016,1.015357742
676,164,3.356339562,0.4191541235,3.382411187
676,180,6.896054519,0.3018797009,6.902658856
676,196,7.605177704,-0.2882861222,7.61063971
676,212,5.012285473,-0.6840591278,5.05874911
676,228,-0.1816103535,-0.7405394099,0.762483402
676,244,-2.084046586,0.511232394,2.145835206
676,260,-3.249924738,1.546391428,3.599074499
676,276,-5.581356818,3.580948502,6.631344969
676,292,-0.2073407517,-2.694227484,2.702193909
676,308,-0.7354732753,-3.267890415,3.349631129
676,324,-1.312055266,-3.404603453,3.648672867
676,340,-1.367416964,-3.037284239,3.330904487
676,356,-0.1689637498,-3.025535844,3.030250137
676,372,1.928558067,-3.25390726,3.782492389
676,388,2.167000698,-2.271274619,3.139200602
676,404,1.58569515,-1.026007959,1.888682462
676,420,1.746909552,-0.4346333413,1.800166416
676,436,0.152139441,0.810513086,0.824668341
676,452,0.0968205646,2.005143924,2.007480106
676,468,-0.5726027639,2.205457355,2.278577642
676,484,-0.8446332101,1.379584519,1.617608947
676,500,-0.2904274376,-0.03622144853,0.29267745
